City_ID,City,Country,Lat,Lng,Max Temp,Humidity,Cloudiness,Wind Speed,Current Description
0,Pirovskoye,RU,57.63,92.27,47.32,92,47,8.25,scattered clouds
1,Abomsa,ET,9.98,39.98,71.38,64,74,5.32,light rain
2,Yellowknife,CA,62.46,-114.35,37.4,37,20,8.05,few clouds
3,Vaini,TO,-21.2,-175.2,75.2,78,40,13.87,scattered clouds
4,Hithadhoo,MV,-0.6,73.08,81.18,72,91,7.38,overcast clouds
5,Albany,US,42.6,-73.97,60.01,54,90,4.7,smoke
6,Nikolskoye,RU,59.7,30.79,48.99,87,99,2.17,fog
7,Kaitangata,NZ,-46.28,169.85,50.16,64,62,23.98,broken clouds
8,Morehead,US,37.27,-87.18,80.6,60,1,4.7,clear sky
9,Ushuaia,AR,-54.8,-68.3,37.4,69,40,18.34,scattered clouds
10,Thompson,CA,55.74,-97.86,50.0,53,75,16.11,broken clouds
11,Puerto Ayora,EC,-0.74,-90.35,78.8,57,20,23.04,few clouds
12,Viedma,AR,-40.81,-63.0,51.01,68,93,1.99,moderate rain
13,Qaanaaq,GL,77.48,-69.36,19.98,81,0,2.35,clear sky
14,Alofi,NU,-19.06,-169.92,78.8,65,75,19.46,broken clouds
15,Esperance,AU,-33.87,121.9,57.2,93,90,13.87,overcast clouds
16,Ulladulla,AU,-35.35,150.47,62.6,77,0,5.82,clear sky
17,Bad Mergentheim,DE,49.49,9.77,64.99,77,18,2.24,few clouds
18,Poum,NC,-20.23,164.02,72.68,72,100,18.07,overcast clouds
19,Avarua,CK,-21.21,-159.78,78.8,65,76,14.99,broken clouds
20,Pemangkat,ID,1.17,108.97,76.37,90,98,6.29,overcast clouds
21,Mecca,SA,21.43,39.83,86.47,60,12,4.5,few clouds
22,Westport,US,41.14,-73.36,64.4,39,1,4.7,clear sky
23,Kapaa,US,22.08,-159.32,86.0,62,75,9.17,broken clouds
24,Upernavik,GL,72.79,-56.15,27.81,85,0,10.31,clear sky
25,Atar,MR,20.52,-13.05,99.55,18,2,5.99,clear sky
26,Bluff,NZ,-46.6,168.33,50.0,79,100,11.99,moderate rain
27,Luderitz,NA,-26.65,15.16,54.73,74,0,15.3,clear sky
28,Karratha,AU,-20.74,116.85,76.77,35,10,8.08,clear sky
29,Sfantu Gheorghe,RO,45.87,25.78,62.01,79,30,1.01,scattered clouds
30,Atuona,PF,-9.8,-139.03,78.39,76,16,18.7,light rain
31,Butaritari,KI,3.07,172.79,83.64,73,90,18.5,overcast clouds
32,Tasiilaq,GL,65.61,-37.64,33.8,94,100,33.33,light snow
33,Mataura,NZ,-46.19,168.86,50.0,79,100,11.99,light rain
34,Punta Arenas,CL,-53.15,-70.92,39.2,60,20,14.99,few clouds
35,Ostrovnoy,RU,68.05,39.51,44.22,79,100,10.42,light rain
36,Rikitea,PF,-23.12,-134.97,73.69,73,8,6.11,clear sky
37,Mackay,AU,-21.15,149.2,71.6,83,90,18.34,overcast clouds
38,Cape Town,ZA,-33.93,18.42,51.01,81,6,2.24,clear sky
39,Tiksi,RU,71.69,128.87,37.87,90,6,0.09,clear sky
40,Mahebourg,MU,-20.41,57.7,68.0,68,75,17.22,broken clouds
41,Cidreira,BR,-30.18,-50.21,59.9,77,100,21.74,moderate rain
42,Srednekolymsk,RU,67.45,153.68,43.7,80,100,7.81,overcast clouds
43,Sekoma,BW,-24.4,23.88,72.37,20,91,8.28,overcast clouds
44,Geraldton,AU,-28.77,114.6,64.4,72,75,14.99,broken clouds
45,Puro,PH,12.48,123.38,76.96,87,100,7.16,light rain
46,Beni Mazar,EG,28.5,30.8,78.44,52,0,17.02,clear sky
47,Presidencia Roque Saenz Pena,AR,-26.79,-60.44,60.66,60,76,8.21,broken clouds
48,Hilo,US,19.73,-155.09,86.0,58,20,10.29,few clouds
49,Saldanha,ZA,-33.01,17.94,44.6,75,0,2.24,clear sky
50,Matola,MZ,-25.96,32.46,71.01,88,75,6.93,broken clouds
51,Waingapu,ID,-9.66,120.26,73.53,83,85,8.75,overcast clouds
52,Coihaique,CL,-45.58,-72.07,44.6,45,40,3.36,scattered clouds
53,Khatanga,RU,71.97,102.5,46.33,89,100,5.95,overcast clouds
54,Carnarvon,AU,-24.87,113.63,64.4,100,0,19.46,clear sky
55,Quelimane,MZ,-17.88,36.89,77.0,94,40,11.41,scattered clouds
56,Tres Arroyos,AR,-38.37,-60.28,54.21,67,8,6.85,clear sky
57,Airai,TL,-8.93,125.41,54.72,68,27,3.06,scattered clouds
58,Basqal,AZ,40.76,48.39,68.0,88,90,1.83,overcast clouds
59,Dikson,RU,73.51,80.55,43.5,94,100,22.53,overcast clouds
60,Barntrup,DE,51.99,9.12,70.0,77,9,3.36,clear sky
61,Busselton,AU,-33.65,115.33,51.01,78,40,10.67,scattered clouds
62,Bathsheba,BB,13.22,-59.52,84.2,79,40,11.41,scattered clouds
63,Tuktoyaktuk,CA,69.45,-133.04,37.4,78,20,11.41,few clouds
64,Ancud,CL,-41.87,-73.82,50.0,68,100,1.01,overcast clouds
65,Dingle,PH,11.0,122.67,75.7,93,100,1.88,light rain
66,Nova Olimpia,BR,-14.8,-57.29,88.11,20,0,2.59,clear sky
67,Magadan,RU,59.57,150.8,50.94,69,49,5.82,scattered clouds
68,Svetlogorsk,BY,52.63,29.73,57.0,92,17,2.26,few clouds
69,Hambantota,LK,6.12,81.12,78.8,100,20,9.17,few clouds
70,Liku,ID,-0.73,119.89,74.77,83,97,2.08,overcast clouds
71,Kahului,US,20.89,-156.47,91.4,49,40,25.28,scattered clouds
72,Barrow,US,71.29,-156.79,35.6,88,90,28.86,overcast clouds
73,Beringovskiy,RU,63.05,179.32,47.82,87,100,11.01,overcast clouds
74,Gol,NO,60.7,8.95,51.01,93,100,1.99,overcast clouds
75,Cabo San Lucas,MX,22.89,-109.91,89.6,66,20,14.99,few clouds
76,Bayburt,TR,40.26,40.23,51.66,69,0,1.5,clear sky
77,Bambous Virieux,MU,-20.34,57.76,68.0,68,75,17.22,broken clouds
78,Mar Del Plata,AR,-38.0,-57.56,60.01,47,30,9.17,scattered clouds
79,Georgetown,MY,5.41,100.34,78.01,94,20,4.7,few clouds
80,Iqaluit,CA,63.75,-68.51,37.4,86,40,8.05,scattered clouds
81,Angoche,MZ,-16.23,39.91,73.29,88,0,10.18,clear sky
82,Kayerkan,RU,69.35,87.76,53.6,71,99,11.18,overcast clouds
83,Grand-Santi,GF,4.25,-54.38,75.85,90,81,0.54,moderate rain
84,Shenjiamen,CN,29.96,122.3,77.74,89,99,10.54,light rain
85,Los Llanos De Aridane,ES,28.66,-17.92,75.2,83,100,9.17,overcast clouds
86,Pandan,PH,14.05,124.17,81.41,82,100,10.76,moderate rain
87,Tura,IN,25.52,90.22,74.26,98,100,6.11,moderate rain
88,Fairbanks,US,64.84,-147.72,59.0,54,40,3.36,scattered clouds
89,Uttarkashi,IN,30.73,78.45,68.65,71,69,1.63,broken clouds
90,Chuy,UY,-33.7,-53.46,51.55,81,40,6.87,scattered clouds
91,Port Alfred,ZA,-33.59,26.89,59.86,79,99,14.32,overcast clouds
92,Chokurdakh,RU,70.63,147.92,38.71,83,98,8.7,overcast clouds
93,Aksu,CN,41.12,80.26,65.26,35,8,6.67,clear sky
94,Norman Wells,CA,65.28,-126.83,48.2,57,20,11.41,few clouds
95,Jasper,US,37.2,-94.35,84.2,45,20,5.82,few clouds
96,Chebsara,RU,59.2,38.84,42.35,94,1,6.82,clear sky
97,Saint George,US,37.1,-113.58,96.8,7,1,4.7,clear sky
98,Leningradskiy,RU,69.38,178.42,38.64,90,100,10.6,overcast clouds
99,Kruisfontein,ZA,-34.0,24.73,50.0,89,1,2.57,clear sky
100,Pitimbu,BR,-7.47,-34.81,75.2,88,1,9.17,clear sky
101,Griffith,US,41.53,-87.42,79.0,53,1,9.17,clear sky
102,Yangambi,CD,0.81,24.43,70.39,98,40,2.15,scattered clouds
103,Flinders,AU,-34.58,150.86,64.0,92,0,4.0,clear sky
104,Faanui,PF,-16.48,-151.75,78.03,77,0,14.32,clear sky
105,Vostochnyy,RU,55.82,37.87,52.0,81,0,8.95,clear sky
106,Wamba,NG,8.93,8.6,72.9,93,72,2.68,light rain
107,Buraydah,SA,26.33,43.98,86.0,20,0,9.17,clear sky
108,Rypefjord,NO,70.63,23.67,44.6,93,40,6.93,scattered clouds
109,Sosnovo-Ozerskoye,RU,52.52,111.54,36.66,90,45,1.97,scattered clouds
110,Mozarlandia,BR,-14.74,-50.57,87.71,21,0,4.25,clear sky
111,Arshan,RU,46.27,44.22,60.8,48,0,11.18,clear sky
112,Brokopondo,SR,4.75,-55.17,81.97,75,59,8.28,broken clouds
113,Bethel,US,41.37,-73.41,63.0,48,1,3.36,clear sky
114,Pangnirtung,CA,66.15,-65.71,42.8,52,40,10.29,scattered clouds
115,Seddon,AU,-37.81,144.89,57.99,62,100,18.34,overcast clouds
116,Indiaroba,BR,-11.52,-37.51,71.73,91,22,5.55,light rain
117,Muros,ES,42.78,-9.06,62.01,91,35,1.01,scattered clouds
118,Cockburn Town,TC,21.46,-71.14,86.0,66,40,11.41,scattered clouds
119,Maldonado,UY,-34.67,-54.92,53.6,81,67,4.7,broken clouds
120,Pevek,RU,69.7,170.31,42.28,83,98,5.41,overcast clouds
121,Irbil,IQ,36.19,44.01,77.0,16,0,3.36,clear sky
122,Carmaux,FR,44.05,2.16,71.01,66,2,4.32,clear sky
123,Gat,IL,31.61,34.76,81.0,100,0,2.8,clear sky
124,Hobart,AU,-42.88,147.33,52.0,71,75,4.7,broken clouds
125,Pergamino,AR,-33.89,-60.57,59.0,46,45,1.01,scattered clouds
126,Novaya Ladoga,RU,60.1,32.3,49.59,83,81,3.85,broken clouds
127,Drayton Valley,CA,53.22,-114.99,50.0,71,92,5.01,overcast clouds
128,Pano Aqil,PK,27.86,69.11,84.2,79,40,1.7,haze
129,Pisco,PE,-13.7,-76.22,64.99,77,59,18.34,broken clouds
130,Calabozo,VE,8.92,-67.43,81.64,85,74,3.83,light rain
131,Seoul,KR,37.57,126.98,71.6,83,90,3.83,overcast clouds
132,Sitka,US,57.05,-135.33,57.2,67,1,4.7,clear sky
133,Plainview,US,40.78,-73.47,64.99,59,1,10.29,clear sky
134,Les Cayes,HT,18.2,-73.75,84.7,70,54,3.76,light rain
135,Launceston,AU,-41.45,147.17,53.01,81,75,12.75,broken clouds
136,Phalaborwa,ZA,-23.94,31.14,68.0,88,10,14.99,clear sky
137,Grand Gaube,MU,-20.01,57.66,68.0,65,95,5.01,light rain
138,Narsaq,GL,60.92,-46.05,50.0,87,100,12.75,light intensity drizzle
139,Varhaug,NO,58.61,5.65,55.0,99,85,3.02,overcast clouds
140,Saint-Philippe,RE,-21.36,55.77,66.2,59,90,9.17,overcast clouds
141,Kandrian,PG,-6.22,149.55,81.09,79,100,9.57,overcast clouds
142,The Valley,AI,18.22,-63.06,86.0,70,20,12.75,few clouds
143,Hermanus,ZA,-34.42,19.23,46.0,92,30,7.02,scattered clouds
144,Kendari,ID,-3.94,122.5,69.57,90,62,3.67,broken clouds
145,Saskylakh,RU,71.92,114.08,44.89,77,83,5.82,broken clouds
146,Chicama,PE,-7.84,-79.15,63.97,74,15,7.34,few clouds
147,Itoman,JP,26.12,127.67,82.4,83,40,2.24,scattered clouds
148,Bansko,BG,41.84,23.49,64.99,58,94,3.0,overcast clouds
149,Ribeira Grande,PT,38.52,-28.7,66.0,60,60,14.2,broken clouds
150,Jamestown,US,42.1,-79.24,64.99,55,1,4.7,clear sky
151,Acapulco,MX,16.86,-99.89,84.2,79,75,4.7,broken clouds
152,Margate,GB,51.38,1.39,70.0,85,63,7.11,broken clouds
153,Castro,BR,-24.79,-50.01,57.43,80,75,7.02,broken clouds
154,Bambanglipuro,ID,-7.95,110.28,71.94,90,42,2.42,scattered clouds
155,Provideniya,RU,64.38,-173.3,50.0,81,75,11.18,broken clouds
156,Port-Cartier,CA,50.03,-66.87,48.0,75,75,6.93,broken clouds
157,Omsukchan,RU,62.53,155.8,41.94,76,100,4.52,overcast clouds
158,Nantucket,US,41.28,-70.1,60.8,59,1,5.82,clear sky
159,Palmer,US,42.16,-72.33,63.0,45,90,2.68,smoke
160,Saint-Augustin,CA,51.23,-58.65,47.71,53,49,9.13,scattered clouds
161,El Cobre,CU,20.05,-75.95,86.0,74,40,5.82,scattered clouds
162,Road Town,VG,18.42,-64.62,86.0,74,40,6.93,scattered clouds
163,Arraial Do Cabo,BR,-22.97,-42.03,71.6,88,75,9.17,broken clouds
164,Aksarka,RU,66.56,67.8,45.91,92,85,5.23,overcast clouds
165,Boralday,KZ,43.36,76.86,50.0,71,41,4.47,scattered clouds
166,Port Elizabeth,ZA,-33.92,25.57,59.0,77,90,6.93,overcast clouds
167,Opuwo,NA,-18.06,13.84,55.0,39,0,3.0,clear sky
168,Guozhen,CN,34.37,107.36,64.78,47,92,1.5,overcast clouds
169,Nyurba,RU,63.28,118.33,45.05,87,58,1.54,broken clouds
170,Nome,US,64.5,-165.41,48.99,93,90,20.8,light rain
171,Sulangan,PH,11.14,123.72,81.7,82,100,19.71,light rain
172,Kodiak,US,57.79,-152.41,54.34,94,94,13.91,light rain
173,Puerto Madero,MX,14.72,-92.42,84.2,83,75,4.7,broken clouds
174,Marsh Harbour,BS,26.54,-77.06,83.61,67,66,8.61,broken clouds
175,Bredasdorp,ZA,-34.53,20.04,51.8,76,30,3.36,scattered clouds
176,Ahipara,NZ,-35.17,173.17,60.8,68,12,12.17,few clouds
177,Mouzouras,GR,35.53,24.15,73.4,78,20,4.7,few clouds
178,Severo-Kurilsk,RU,50.68,156.12,55.13,69,51,13.89,broken clouds
179,Kutum,SD,14.2,24.67,76.96,50,6,5.77,clear sky
180,Soyo,AO,-6.13,12.37,72.91,85,24,8.43,few clouds
181,Kapuskasing,CA,49.42,-82.43,48.2,100,90,5.82,light rain
182,Sale,MA,34.04,-6.82,72.0,88,75,5.82,broken clouds
183,Ilulissat,GL,69.22,-51.1,46.4,49,100,18.34,overcast clouds
184,Hasaki,JP,35.73,140.83,72.0,94,75,6.93,broken clouds
185,Lasa,IT,46.62,10.7,59.0,93,5,1.12,clear sky
186,Roanoke,US,37.27,-79.94,68.0,56,90,6.93,overcast clouds
187,New Norfolk,AU,-42.78,147.06,52.0,66,100,7.0,overcast clouds
188,Santa Maria,BR,-29.68,-53.81,55.4,87,90,4.7,heavy intensity rain
189,Bagn,NO,60.82,9.55,54.0,93,100,1.99,overcast clouds
190,Tuatapere,NZ,-46.13,167.68,50.0,79,100,11.99,overcast clouds
191,Planaltina,BR,-15.45,-47.61,78.8,26,0,9.17,clear sky
192,Preobrazheniye,RU,42.9,133.91,63.1,85,100,3.31,overcast clouds
193,Hofn,IS,64.25,-15.21,49.23,62,19,4.14,few clouds
194,Yola,NG,9.2,12.48,75.02,90,92,2.37,moderate rain
195,Kiunga,PG,-6.12,141.29,76.08,95,92,3.87,overcast clouds
196,Manado,ID,1.49,124.85,75.2,88,40,2.33,scattered clouds
197,Tilichiki,RU,60.47,166.1,47.34,70,12,8.48,few clouds
198,Saint Anthony,US,45.02,-93.22,81.0,42,1,11.41,clear sky
199,Dmitriyevka,RU,54.75,55.33,46.4,87,75,11.18,broken clouds
200,Arlit,NE,18.74,7.39,96.8,13,0,11.5,clear sky
201,Klaksvik,FO,62.23,-6.59,41.0,100,21,2.24,few clouds
202,Jalingo,NG,8.88,11.37,74.97,91,99,1.5,light rain
203,Sao Joao Da Barra,BR,-21.64,-41.05,75.2,83,40,17.22,scattered clouds
204,Sangueya,GN,10.7,-14.37,74.84,95,100,3.74,overcast clouds
205,Damghan,IR,36.17,54.35,58.28,49,0,2.06,clear sky
206,Minusinsk,RU,53.71,91.69,39.2,93,51,1.99,broken clouds
207,Sindhnur,IN,15.78,76.77,73.58,89,100,12.46,moderate rain
208,Buin,CL,-33.73,-70.75,61.0,62,75,5.82,broken clouds
209,Fortuna,US,40.6,-124.16,79.0,61,20,12.75,few clouds
210,Sao Felix Do Xingu,BR,-6.64,-51.99,86.45,25,100,1.9,overcast clouds
211,Yichun,CN,47.7,128.9,56.28,84,100,6.11,moderate rain
212,Guaruja,BR,-23.99,-46.26,69.01,100,90,8.63,light intensity drizzle
213,Nieuw Amsterdam,SR,5.88,-55.08,82.4,78,75,4.7,heavy intensity rain
214,Saint-Joseph,RE,-21.37,55.62,66.2,59,90,9.17,overcast clouds
215,Sayyan,YE,15.17,44.32,63.57,42,18,1.48,few clouds
216,Caravelas,BR,-17.71,-39.25,72.48,90,0,5.26,clear sky
217,Broome,US,42.25,-75.83,61.0,47,1,3.36,clear sky
218,Kavieng,PG,-2.57,150.8,83.39,79,90,18.57,moderate rain
219,Cherskiy,RU,68.75,161.3,43.47,76,96,3.15,overcast clouds
220,Terney,RU,45.05,136.61,62.85,87,100,3.38,overcast clouds
221,East London,ZA,-33.02,27.91,61.09,80,100,10.51,light rain
222,Barguzin,RU,53.62,109.62,43.27,80,13,1.95,few clouds
223,Jalu,LY,29.03,21.55,86.36,28,2,13.13,clear sky
224,Gladstone,AU,-23.85,151.25,68.0,72,90,10.29,overcast clouds
225,Kalmunai,LK,7.42,81.82,79.63,76,100,7.14,overcast clouds
226,Antofagasta,CL,-23.65,-70.4,59.0,72,75,18.34,broken clouds
227,Celestun,MX,20.87,-90.4,85.15,74,28,8.9,scattered clouds
228,Bengkulu,ID,-3.8,102.27,74.52,90,81,4.76,broken clouds
229,Awbari,LY,26.59,12.78,76.77,34,9,6.08,clear sky
230,Praia Da Vitoria,PT,38.73,-27.07,66.2,59,20,17.29,few clouds
231,Coquimbo,CL,-29.95,-71.34,53.6,76,75,6.93,broken clouds
232,Sambava,MG,-14.27,50.17,68.58,82,84,12.53,broken clouds
233,Salalah,OM,17.02,54.09,80.6,88,40,4.7,scattered clouds
234,Te Anau,NZ,-45.42,167.72,46.18,87,99,9.62,light rain
235,Southbridge,US,42.08,-72.03,63.0,54,1,5.82,clear sky
236,Terre-De-Bas,GP,15.85,-61.64,86.0,79,0,9.17,clear sky
237,Jiuquan,CN,39.74,98.52,52.45,37,99,1.57,overcast clouds
238,Puerto Narino,CO,-3.77,-70.38,78.8,88,75,3.36,broken clouds
239,Shablykino,RU,52.86,35.2,53.92,95,15,6.13,few clouds
240,Kouroussa,GN,10.65,-9.88,75.27,85,61,1.41,moderate rain
241,Ust-Nera,RU,64.57,143.2,41.16,70,99,6.08,overcast clouds
242,Cochrane,CA,51.18,-114.47,48.2,81,90,12.75,overcast clouds
243,Chara,RU,56.91,118.26,44.1,81,100,6.42,overcast clouds
244,Malinovoye Ozero,RU,51.68,79.78,66.83,34,100,12.64,overcast clouds
245,Rongcheng,CN,30.63,117.85,71.58,92,100,1.03,light rain
246,Lagoa,PT,39.05,-27.98,65.73,67,51,18.68,broken clouds
247,Coxim,BR,-18.51,-54.76,85.46,19,0,4.09,clear sky
248,Omboue,GA,-1.57,9.26,75.43,83,88,9.89,overcast clouds
249,Keflavik,IS,64.0,-22.56,42.8,81,100,10.29,overcast clouds
250,Harper,LR,4.38,-7.72,75.27,87,52,10.67,broken clouds
251,Bereda,ES,43.27,-7.54,62.01,100,38,1.01,scattered clouds
252,Deputatskiy,RU,69.3,139.9,39.0,86,73,4.0,broken clouds
253,Clyde River,CA,70.47,-68.59,33.8,89,90,12.75,overcast clouds
254,Raudeberg,NO,61.99,5.14,48.0,95,100,35.37,overcast clouds
255,Port Lincoln,AU,-34.73,135.87,60.21,49,100,7.27,overcast clouds
256,Portree,GB,57.41,-6.19,53.01,90,76,8.99,broken clouds
257,Naze,JP,28.37,129.48,82.4,94,20,2.24,few clouds
258,Port-Gentil,GA,-0.72,8.78,77.0,88,40,17.05,scattered clouds
259,Balabac,PH,7.99,117.06,79.36,89,100,18.92,moderate rain
260,Lorengau,PG,-2.02,147.27,84.6,76,98,10.56,overcast clouds
261,Lata,PT,40.16,-8.33,66.0,88,10,1.12,clear sky
262,Kostomuksha,RU,64.57,30.58,39.97,89,60,1.21,broken clouds
263,Ketchikan,US,55.34,-131.65,62.6,63,1,9.17,clear sky
264,Souillac,MU,-20.52,57.52,68.0,68,75,17.22,broken clouds
265,Urumqi,CN,43.8,87.6,62.6,45,17,11.18,few clouds
266,Catuday,PH,16.29,119.81,80.04,81,100,11.03,overcast clouds
267,Adrar,MR,20.5,-10.07,98.31,15,31,1.32,scattered clouds
268,Mwense,ZM,-10.38,28.7,68.34,48,16,3.09,few clouds
269,San Cristobal,VE,7.77,-72.22,82.4,61,75,4.7,broken clouds
270,Leirvik,NO,59.78,5.5,57.0,99,100,1.99,light rain
271,Wildwood,US,38.58,-90.66,79.0,47,90,4.7,overcast clouds
272,Sao Filipe,CV,14.9,-24.5,79.75,82,73,6.96,broken clouds
273,Altagracia De Orituco,VE,9.86,-66.38,74.01,88,15,4.23,few clouds
274,Port Hardy,CA,50.7,-127.42,68.0,68,90,13.87,smoke
275,Sao Jose Da Coroa Grande,BR,-8.9,-35.15,74.57,84,58,11.25,broken clouds
276,Trnava,SK,48.38,17.59,69.01,88,0,8.05,clear sky
277,Jatiroto,ID,-7.88,111.12,69.4,78,69,2.77,broken clouds
278,Galle,LK,6.04,80.22,79.34,87,73,11.86,broken clouds
279,Hervey Bay,AU,-25.3,152.85,66.0,86,0,4.0,clear sky
280,Carballo,ES,43.21,-8.69,66.2,82,20,4.7,few clouds
281,La Asuncion,VE,11.03,-63.86,82.22,82,90,11.54,overcast clouds
282,Kavaratti,IN,10.57,72.64,81.39,81,85,18.48,overcast clouds
283,Balagansk,RU,54.01,103.05,49.01,80,96,1.52,overcast clouds
284,Tutoia,BR,-2.76,-42.27,79.57,76,35,15.82,scattered clouds
285,Yar-Sale,RU,66.83,70.83,48.34,90,97,5.01,overcast clouds
286,Wanning,CN,18.8,110.4,80.64,83,90,1.39,overcast clouds
287,Brae,GB,60.4,-1.35,50.0,87,92,9.17,overcast clouds
288,Tutayev,RU,57.89,39.54,48.2,81,1,8.95,clear sky
289,Valleyview,CA,55.07,-117.29,50.27,53,74,5.39,broken clouds
290,Verin,ES,41.94,-7.44,57.0,44,27,2.57,scattered clouds
291,Boa Vista,BR,2.82,-60.67,80.6,69,75,11.41,broken clouds
292,Ponta Do Sol,PT,32.67,-17.1,75.2,73,40,10.29,scattered clouds
293,Guerrero Negro,MX,27.98,-114.06,86.54,33,0,15.97,clear sky
294,Berlevag,NO,70.86,29.09,46.11,80,53,13.82,broken clouds
295,Dunedin,NZ,-45.87,170.5,52.7,50,51,18.81,broken clouds
296,Talara,PE,-4.58,-81.27,63.37,85,20,14.99,few clouds
297,Ronneby,SE,56.21,15.28,55.4,100,100,2.24,overcast clouds
298,Vardo,NO,70.37,31.11,39.2,93,75,3.36,broken clouds
299,Sorata,BO,-15.77,-68.63,46.8,78,93,2.84,overcast clouds
300,Najran,SA,17.49,44.13,80.6,19,0,3.49,clear sky
301,Plettenberg Bay,ZA,-34.05,23.37,52.77,77,1,5.23,clear sky
302,Goderich,CA,43.75,-81.72,69.01,59,86,1.01,overcast clouds
303,Russell,US,32.35,-85.2,77.0,73,90,12.75,light rain
304,Severobaykalsk,RU,55.65,109.32,45.84,84,75,0.63,broken clouds
305,Isangel,VU,-19.55,169.27,75.2,69,75,8.05,broken clouds
306,Panzhihua,CN,26.59,101.71,71.6,83,100,0.63,overcast clouds
307,Gotsu,JP,35.0,132.22,71.89,75,99,4.14,overcast clouds
308,Fujin,CN,47.26,132.03,56.52,92,100,6.49,overcast clouds
309,Cururupu,BR,-1.83,-44.87,75.94,85,40,4.85,scattered clouds
310,Ipora,BR,-16.44,-51.12,78.78,26,0,2.44,clear sky
311,Nguru,NG,12.88,10.45,80.69,59,1,4.59,clear sky
312,Chunskiy,RU,56.08,99.63,41.22,91,35,2.59,scattered clouds
313,Alice Springs,AU,-23.7,133.88,73.4,27,90,11.41,overcast clouds
314,San Patricio,MX,19.22,-104.7,86.0,74,75,11.41,broken clouds
315,Diamantino,BR,-14.41,-56.45,83.95,22,1,0.92,clear sky
316,Mount Gambier,AU,-37.83,140.77,48.2,93,40,8.05,scattered clouds
317,Yulara,AU,-25.24,130.99,62.6,39,0,4.7,clear sky
318,Devonport,AU,-41.17,146.35,53.01,81,100,4.0,overcast clouds
319,San Luis De La Paz,MX,21.3,-100.52,72.0,63,71,5.01,broken clouds
320,Tateyama,JP,34.98,139.87,75.0,94,75,5.82,broken clouds
321,Roald,NO,62.58,6.13,50.0,87,100,26.4,heavy intensity rain
322,Vao,NC,-22.67,167.48,68.18,75,50,23.47,scattered clouds
323,Scarborough,GB,54.28,-0.4,66.0,81,99,3.78,light rain
324,Kuryk,KZ,43.2,51.65,65.95,55,21,7.65,few clouds
325,Mareeba,AU,-17.0,145.43,71.6,78,40,10.29,scattered clouds
326,Tzucacab,MX,20.07,-89.05,85.78,69,97,4.41,overcast clouds
327,Ushibuka,JP,32.19,130.02,74.62,86,100,9.73,moderate rain
328,Mercedes,AR,-34.65,-59.43,55.0,66,83,6.51,broken clouds
329,Uniara,IN,26.15,75.22,83.12,54,58,6.91,broken clouds
330,Michigan City,US,41.71,-86.89,75.99,73,1,4.7,clear sky
331,Bundoran,IE,54.48,-8.28,62.01,95,48,1.01,scattered clouds
332,Yerbogachen,RU,61.28,108.01,42.76,82,48,0.22,scattered clouds
333,Nanortalik,GL,60.14,-45.24,43.81,89,100,21.79,light rain
334,Katsuura,JP,35.13,140.3,73.99,94,75,5.82,broken clouds
335,Taoudenni,ML,22.68,-3.98,103.39,10,0,18.19,clear sky
336,Pasighat,IN,28.07,95.33,75.61,86,96,1.52,overcast clouds
337,Sao Pedro,BR,-22.55,-47.91,71.13,59,4,10.69,clear sky
338,Olbia,IT,40.92,9.49,69.8,83,28,2.24,scattered clouds
339,Victoria,HK,22.29,114.16,82.99,88,5,5.01,light rain
340,Acaponeta,MX,22.5,-105.36,90.7,62,95,7.52,overcast clouds
341,Lahij,YE,13.17,44.58,88.66,44,27,4.05,scattered clouds
342,Lubartow,PL,51.46,22.61,59.0,100,12,2.24,few clouds
343,Luangwa,ZM,-15.62,30.42,75.69,35,58,2.33,broken clouds
344,Lockport,US,41.59,-88.06,79.0,53,1,9.17,clear sky
345,Fayetteville,US,35.05,-78.88,75.2,41,1,9.17,clear sky
346,Saucillo,MX,28.02,-105.28,80.76,47,16,7.65,few clouds
347,Kinango,KE,-4.14,39.32,77.0,88,40,5.82,scattered clouds
348,Asau,RO,46.43,26.4,61.0,82,99,3.36,overcast clouds
349,Talnakh,RU,69.49,88.4,53.6,71,100,11.18,overcast clouds
350,Polunochnoye,RU,60.87,60.42,47.53,98,100,8.99,overcast clouds
351,Rancharia,BR,-22.23,-50.89,82.4,34,0,6.93,clear sky
352,Donceel,BE,50.65,5.32,78.8,39,99,6.93,overcast clouds
353,Rocha,UY,-34.48,-54.33,49.23,81,61,7.52,broken clouds
354,Grindavik,IS,63.84,-22.43,42.8,81,100,10.29,overcast clouds
355,Votkinsk,RU,57.05,53.99,46.0,95,90,1.99,overcast clouds
356,Hamilton,US,39.18,-84.53,73.99,43,1,5.82,clear sky
357,Vestmannaeyjar,IS,63.44,-20.27,47.44,68,81,8.99,broken clouds
358,Ingham,US,42.6,-84.38,69.8,60,1,4.7,clear sky
359,La Libertad,EC,-2.23,-80.9,75.2,78,40,9.17,scattered clouds
360,Kirakira,SB,-10.45,161.92,82.56,77,94,17.09,overcast clouds
361,Sisimiut,GL,66.94,-53.67,40.73,75,100,6.44,overcast clouds
362,College,US,64.86,-147.8,59.0,58,75,3.36,broken clouds
363,Dzhankoy,UA,45.72,34.4,68.47,66,0,5.59,clear sky
364,Atagay,RU,55.1,99.39,42.08,90,100,3.02,overcast clouds
365,Maarianhamina,AX,60.1,19.93,57.2,100,90,6.93,overcast clouds
366,Carutapera,BR,-1.2,-46.02,77.79,82,81,8.5,broken clouds
367,Beyneu,KZ,45.32,55.2,61.09,54,48,12.48,scattered clouds
368,Oussouye,SN,12.48,-16.55,80.6,88,40,6.93,thunderstorm
369,Chihuahua,MX,28.5,-106.0,81.0,57,75,6.93,broken clouds
370,Grimmen,DE,54.11,13.04,66.0,88,20,4.81,few clouds
371,Changji,CN,44.02,87.32,62.6,45,5,11.18,clear sky
372,Tiarei,PF,-17.53,-149.33,84.2,62,40,10.29,scattered clouds
373,Kamaishi,JP,39.27,141.88,71.53,73,38,0.47,scattered clouds
374,Santa Fe,AR,-31.63,-60.7,62.01,51,19,1.01,few clouds
375,Codajas,BR,-3.84,-62.06,84.36,51,95,1.45,light rain
376,Mwingi,KE,-0.93,38.06,65.39,86,44,5.59,scattered clouds
377,Dudinka,RU,69.41,86.18,53.6,71,100,11.18,overcast clouds
378,Lebu,CL,-37.62,-73.65,50.76,96,100,4.21,moderate rain
379,Banjar,ID,-8.19,114.97,73.4,100,40,1.12,scattered clouds
380,Saint-Pierre,RE,-21.34,55.48,66.2,59,90,9.17,overcast clouds
381,Byron Bay,AU,-28.65,153.62,64.4,88,11,4.7,few clouds
382,Male,MV,4.17,73.51,81.99,77,100,9.64,overcast clouds
383,Komsomolskiy,UZ,40.43,71.72,64.4,42,0,6.93,clear sky
384,Tambura,SS,5.6,27.47,68.74,92,93,1.86,overcast clouds
385,Alyangula,AU,-13.85,136.42,69.8,94,75,2.24,broken clouds
386,Teguise,ES,29.06,-13.56,75.2,78,20,16.11,few clouds
387,Nuuk,GL,64.18,-51.72,42.8,93,72,8.05,broken clouds
388,Isilkul,RU,54.91,71.27,47.98,81,72,11.92,broken clouds
389,Torbay,CA,47.67,-52.73,55.0,71,90,10.29,overcast clouds
390,Birjand,IR,32.87,59.22,60.8,19,0,11.41,clear sky
391,Cap Malheureux,MU,-19.98,57.61,68.0,65,94,5.01,light rain
392,Mount Isa,AU,-20.73,139.5,75.2,29,0,8.05,clear sky
393,Gravdal,NO,68.12,13.5,47.88,77,99,7.92,overcast clouds
394,Warrnambool,AU,-38.38,142.48,53.98,72,100,11.86,overcast clouds
395,Niesky,DE,51.29,14.82,71.01,68,30,5.26,scattered clouds
396,Eyl,SO,7.98,49.82,78.98,72,38,17.65,scattered clouds
397,Batemans Bay,AU,-35.72,150.18,54.0,80,0,3.0,clear sky
398,Estelle,US,29.85,-90.11,84.0,78,75,13.87,broken clouds
399,Bozoum,CF,6.32,16.38,70.02,94,54,1.97,broken clouds
400,Tessalit,ML,20.2,1.01,97.02,13,71,7.76,broken clouds
401,Ryotsu,JP,38.08,138.43,69.8,94,84,2.24,broken clouds
402,Voznesenye,RU,61.01,35.48,45.07,87,1,7.0,clear sky
403,Whitehorse,CA,60.72,-135.05,57.99,35,75,16.11,broken clouds
404,Alindao,CF,5.03,21.21,70.29,95,85,1.7,overcast clouds
405,Benemerito De Las Americas,MX,16.52,-90.64,83.88,82,74,3.65,broken clouds
406,Sola,VU,-13.88,167.55,78.8,83,90,13.87,overcast clouds
407,Rangoon,MM,16.81,96.16,78.8,94,40,2.24,heavy intensity rain
408,Padang,ID,-0.95,100.35,77.18,75,98,3.13,light rain
409,Lompoc,US,34.64,-120.46,75.99,64,1,12.75,haze
410,Bulgan,MN,48.81,103.53,36.9,81,15,1.41,few clouds
411,Port Moresby,PG,-9.44,147.18,78.8,83,75,13.87,broken clouds
412,Kenai,US,60.55,-151.26,53.6,81,90,6.93,light rain
413,Chufarovo,RU,54.1,47.34,45.0,92,41,12.53,scattered clouds
414,Anloga,GH,5.79,0.9,71.6,94,20,2.24,few clouds
415,Casablanca,MA,33.59,-7.62,73.0,94,75,5.82,broken clouds
416,Khasan,RU,42.43,130.64,63.45,91,100,10.69,overcast clouds
417,Gashua,NG,12.87,11.05,82.18,51,20,7.87,few clouds
418,Tekeli,KZ,44.83,78.82,54.95,40,71,9.89,broken clouds
419,Constitucion,CL,-35.33,-72.42,52.54,87,100,4.59,moderate rain
420,General Roca,AR,-39.03,-67.58,64.4,45,100,4.7,light rain
421,Port Hedland,AU,-20.32,118.57,68.0,60,35,4.7,scattered clouds
422,Iranshahr,IR,27.2,60.68,77.0,11,13,6.4,few clouds
423,Kaduqli,SD,11.02,29.72,72.93,81,91,1.23,overcast clouds
424,Labuhan,ID,-6.88,112.21,76.1,77,48,9.8,scattered clouds
425,Ambilobe,MG,-13.2,49.05,68.13,80,61,6.35,broken clouds
426,Marsaxlokk,MT,35.84,14.54,78.01,83,75,8.05,broken clouds
427,Andenes,NO,69.31,16.12,44.6,93,97,5.82,overcast clouds
428,Polonnaruwa,LK,7.93,81.0,78.98,73,100,7.38,overcast clouds
429,Batagay-Alyta,RU,67.8,130.41,41.49,74,42,4.07,scattered clouds
430,Riviere-Du-Loup,CA,47.83,-69.53,49.89,69,19,3.44,few clouds
431,Namibe,AO,-15.2,12.15,61.12,78,3,5.44,clear sky
432,Guarapari,BR,-20.67,-40.5,75.99,83,32,11.41,scattered clouds
433,Cabedelo,BR,-6.98,-34.83,75.2,88,19,9.17,few clouds
434,Weinan,CN,34.5,109.51,71.01,100,49,4.47,scattered clouds
435,Tullamore,IE,53.27,-7.49,60.01,95,48,2.15,light rain
436,Vila,PT,42.03,-8.16,61.0,86,46,1.99,scattered clouds
437,Nueva Guinea,NI,11.69,-84.46,81.45,88,100,3.15,light rain
438,Ondjiva,AO,-17.07,15.73,68.22,23,0,11.32,clear sky
439,La Palma,US,33.85,-118.05,97.0,30,1,8.05,smoke
440,Nyuksenitsa,RU,60.41,44.24,43.48,94,29,8.43,scattered clouds
441,Mayo,US,38.89,-76.51,64.99,63,1,3.36,clear sky
442,Troitsko-Pechorsk,RU,62.71,56.2,45.01,96,97,5.68,overcast clouds
443,Vysokogornyy,RU,50.12,139.15,54.75,86,88,1.88,overcast clouds
444,Loni,IN,28.75,77.28,91.0,79,40,3.78,mist
445,Sri Aman,MY,1.24,111.46,75.2,94,100,1.36,overcast clouds
446,Axim,GH,4.87,-2.24,75.58,89,100,10.85,overcast clouds
447,Zhengjiatun,CN,43.51,123.51,59.79,93,91,9.13,light rain
448,Jieshi,CN,22.81,115.83,80.19,85,78,9.51,light rain
449,Say,NE,13.1,2.37,89.6,62,26,3.36,scattered clouds
450,Jaru,BR,-10.44,-62.47,93.42,15,0,1.03,clear sky
451,Oriximina,BR,-1.77,-55.87,88.77,40,97,2.82,overcast clouds
452,Mazagao,BR,-0.12,-51.29,89.6,66,20,5.82,few clouds
453,Zabid,YE,14.2,43.32,90.32,62,54,7.58,broken clouds
454,Yelets,RU,52.62,38.5,52.2,92,0,6.53,clear sky
455,Nizhniy Kuranakh,RU,58.84,125.49,41.59,85,99,1.7,overcast clouds
456,Marovoay,MG,-16.1,46.63,69.8,88,20,2.24,few clouds
457,Kuopio,FI,62.89,27.68,48.2,100,20,3.36,few clouds
458,Lubango,AO,-14.92,13.49,59.49,35,0,4.72,clear sky
459,Concepcion Del Uruguay,AR,-32.48,-58.24,57.99,57,100,1.01,overcast clouds
460,Cleburne,US,32.35,-97.39,86.0,55,20,8.05,few clouds
461,Poiana Marului,RO,45.6,25.3,62.01,83,0,3.69,clear sky
462,Porto Novo,BJ,6.5,2.6,73.4,94,20,1.12,few clouds
463,Awjilah,LY,29.11,21.29,88.0,24,34,15.66,scattered clouds
464,Longyearbyen,SJ,78.22,15.64,32.0,95,75,2.24,broken clouds
465,Luganville,VU,-15.53,167.17,78.8,74,40,14.99,scattered clouds
466,Lock Haven,US,41.14,-77.45,68.0,14,0,1.01,clear sky
467,Hami,CN,42.8,93.45,63.64,25,100,2.53,overcast clouds
468,Aden,YE,12.78,45.04,90.18,64,28,1.32,scattered clouds
469,Roxana,CR,10.28,-83.75,71.6,94,75,4.7,broken clouds
470,Amga,RU,60.9,131.96,39.87,91,26,2.55,scattered clouds
471,Santarem,BR,-2.44,-54.71,89.6,66,20,5.82,few clouds
472,Kuminskiy,RU,58.67,66.57,52.68,94,99,8.39,light rain
473,Khaniotis,GR,40.0,23.58,75.99,55,0,8.61,clear sky
474,Gorin,RU,51.2,136.67,54.79,88,0,3.04,clear sky
475,El Sauzal,MX,31.9,-116.68,86.63,30,0,10.09,clear sky
476,Saint-Francois,FR,46.42,3.91,69.8,64,15,2.24,few clouds
477,Dali,CN,25.7,100.18,62.74,86,99,3.31,overcast clouds
478,Deqing,CN,30.54,119.96,73.99,99,100,7.0,light rain
479,Praya,CV,14.92,-23.51,79.65,83,46,9.66,scattered clouds
480,Urengoy,RU,65.97,78.37,47.7,89,39,10.89,scattered clouds
481,Querfurt,DE,51.38,11.6,66.99,68,0,4.16,clear sky
482,Hukuntsi,BW,-24.0,21.75,61.27,28,79,6.08,broken clouds
483,Araouane,ML,18.9,-3.53,101.79,15,0,4.0,clear sky
484,San Quintin,MX,30.48,-115.95,84.43,39,0,14.05,clear sky
485,Jiazi,CN,22.88,116.07,79.29,88,58,8.81,light rain
486,Gayny,RU,60.31,54.32,43.77,96,93,7.96,overcast clouds
487,Yakeshi,CN,49.28,120.73,49.46,75,100,14.16,moderate rain
488,Susangerd,IR,31.56,48.18,87.8,62,0,4.7,clear sky
489,Lodwar,KE,3.12,35.6,85.1,39,40,23.44,scattered clouds
490,Antalaha,MG,-14.9,50.28,66.54,83,28,8.19,scattered clouds
491,Aquiraz,BR,-3.9,-38.39,80.6,74,48,14.99,scattered clouds
492,Salekhard,RU,66.53,66.6,45.32,94,94,5.39,overcast clouds
493,Korolevo,UA,48.15,23.14,63.0,93,74,4.25,broken clouds
494,Akyab,MM,20.15,92.9,81.23,84,100,4.41,light rain
495,Mehamn,NO,71.04,27.85,44.6,87,90,11.41,overcast clouds
496,Richards Bay,ZA,-28.78,32.04,65.28,76,100,7.2,overcast clouds
497,Butte,US,39.65,-121.57,91.0,33,90,3.36,haze
498,Conde,BR,-7.26,-34.91,77.0,83,20,11.41,few clouds
499,Athens,GR,37.98,23.72,78.8,47,0,6.93,clear sky
500,Payakumbuh,ID,-0.22,100.63,68.31,87,76,2.86,moderate rain
501,Sebinkarahisar,TR,40.29,38.42,53.2,79,5,2.13,clear sky
502,Mae Chan,TH,20.15,99.85,77.0,100,20,1.5,few clouds
503,Mana,GF,5.66,-53.78,79.56,84,42,4.94,scattered clouds
504,Luba,GQ,3.46,8.55,75.2,100,75,8.05,light rain
505,Phayakkhaphum Phisai,TH,15.52,103.19,78.28,81,99,4.21,overcast clouds
506,Aquin,HT,18.28,-73.4,84.13,72,32,1.95,light rain
507,San Gabriel Casa Blanca,MX,18.15,-97.13,83.57,53,74,6.49,light rain
508,Sorland,NO,67.67,12.69,48.94,75,100,7.7,light rain
509,Alexandria,EG,31.22,29.96,78.8,74,40,5.82,scattered clouds
510,Maniitsoq,GL,65.42,-52.9,44.56,78,100,14.9,overcast clouds
511,Simao,CN,22.79,100.97,64.9,96,99,1.83,light rain
512,Cloquet,US,46.72,-92.46,73.4,60,75,6.93,broken clouds
513,Izazi,TZ,-7.2,35.73,62.6,72,5,3.24,clear sky
514,Kushima,JP,31.46,131.23,73.4,94,75,2.24,broken clouds
515,Volovo,UA,48.52,23.51,61.0,73,3,1.99,clear sky
516,Zhigansk,RU,66.77,123.37,40.75,88,0,7.61,clear sky
517,Abiramam,IN,9.47,78.45,83.39,60,99,8.43,overcast clouds
518,Remetea,RO,46.78,25.45,56.57,81,64,2.42,broken clouds
519,Banda Aceh,ID,5.56,95.32,79.68,72,100,13.33,overcast clouds
520,Porbandar,IN,21.64,69.61,81.54,80,99,9.51,overcast clouds
521,Corn Island,NI,12.17,-83.04,84.54,75,61,10.0,moderate rain
522,Olafsvik,IS,64.89,-23.71,45.09,72,100,10.85,overcast clouds
523,Birobidzhan,RU,48.8,132.95,54.21,94,100,2.33,overcast clouds
524,Ransang,PH,8.96,117.58,78.96,89,100,15.66,moderate rain
525,Sinnamary,GF,5.38,-52.95,79.34,84,44,6.76,heavy intensity rain
526,Honningsvag,NO,70.98,25.97,48.2,76,20,5.82,few clouds
527,Harbour Breton,CA,47.48,-55.8,55.99,100,95,14.32,overcast clouds
528,Udachnyy,RU,66.42,112.4,44.6,87,15,4.47,few clouds
529,Gravelbourg,CA,49.88,-106.55,66.54,34,27,14.76,scattered clouds
530,Bairiki,KI,1.33,172.98,86.0,66,20,16.11,few clouds
531,Quepos,CR,9.42,-84.17,71.6,94,75,4.7,broken clouds
532,Newport,GB,51.59,-3.0,62.01,87,53,3.74,broken clouds
533,Monte Alegre,BR,-2.01,-54.07,88.81,42,92,0.81,overcast clouds
534,Turtas,RU,58.94,69.13,52.43,82,95,10.4,overcast clouds
535,Turukhansk,RU,65.82,87.98,48.65,83,75,8.99,broken clouds
536,Gizo,SB,-8.1,156.84,81.86,74,100,9.28,overcast clouds
537,Nanchong,CN,30.8,106.08,71.33,91,99,3.47,light rain
538,Salgueiro,BR,-8.07,-39.12,79.5,48,23,21.43,few clouds
539,Mumford,GH,5.26,-0.76,75.58,88,100,13.18,overcast clouds
540,Golden,US,39.76,-105.22,87.8,10,20,12.75,few clouds
541,Steamboat Springs,US,40.48,-106.83,79.0,11,1,9.17,clear sky
542,Sidmouth,GB,50.69,-3.24,62.6,93,90,5.82,overcast clouds
543,Gaspe,CA,48.83,-64.48,51.8,66,20,9.17,few clouds
544,Synya,RU,65.37,58.04,42.58,95,69,1.86,broken clouds
545,Kilindoni,TZ,-7.91,39.67,77.2,76,21,13.02,few clouds
546,Makat,KZ,47.65,53.35,63.63,37,59,11.72,broken clouds
547,Olinda,BR,-8.01,-34.86,78.8,74,40,10.29,scattered clouds
548,Ayr,GB,55.46,-4.63,57.0,93,20,1.32,few clouds
549,Arkhangelskoye,RU,55.85,35.33,43.3,91,14,4.88,few clouds
550,Ambunti,PG,-4.24,142.84,76.51,93,88,0.94,overcast clouds
551,Hailey,US,43.52,-114.32,82.4,15,5,8.05,smoke
552,Port Blair,IN,11.67,92.75,82.45,76,83,13.65,light rain
553,Codrington,AU,-38.27,141.97,48.25,83,100,10.25,overcast clouds
554,Lakatoro,VU,-16.1,167.42,78.8,74,40,14.99,scattered clouds
555,Evensk,RU,61.95,159.23,46.92,60,91,1.21,overcast clouds
556,Sydney,AU,-33.87,151.21,62.6,82,5,6.93,clear sky
557,Portland,US,45.52,-122.68,75.99,56,90,7.02,smoke
558,Belaya Gora,RU,68.53,146.42,45.3,88,99,6.29,overcast clouds
559,Rincon,US,32.3,-81.24,80.6,69,90,14.99,overcast clouds
560,Harnosand,SE,62.63,17.94,51.01,93,100,4.7,moderate rain
